<?xml version="1.0" encoding="UTF-8" ?>
<!DOCTYPE mapper
        PUBLIC "-//mybatis.org//DTD Config 3.0//EN"
        "http://mybatis.org/dtd/mybatis-3-mapper.dtd">
<mapper namespace="cn.edu.hcnu.dao.StudentMapper">
    <!--增加一个Book-->
    <insert id="addStudent" parameterType="Student">
      insert into student_track.tb_student(sno,name,sex,s_college,major,grade,face,phone,add_time)
      values (#{sno}, #{name}, #{sex}, #{s_college}, #{major}, #{grade},#{face},#{phone},#{add_time})
   </insert>

    <!--根据id删除一个Book-->
    <delete id="deleteStudentById" parameterType="int">
      delete from student_track.tb_student where sno=#{sno}
   </delete>

    <!--更新Book-->
    <update id="updateStudent" parameterType="Student">
      update student_track.tb_student
      set name = #{name},sex = #{sex},sno = #{sno},major = #{major},grade = #{grade},s_college = #{s_college},face = #{face},phone = #{s_college},add_time = #{add_time}
      where sno = #{sno}
   </update>

    <!--根据学号姓名模糊查询-->
    <select id="queryStudentByNameAndSno"  resultType="Student">
      select * from student_track.tb_student where `name` LIKE concat('%',#{vule},'%') or sno LIKE concat('%',#{vule},'%')
   </select>

    <!--查询全部学生-->
    <select id="queryAllStudent" resultType="Student">
      SELECT * from student_track.tb_student
   </select>

</mapper>