<?xml version="1.0" encoding="UTF-8" ?>
<!DOCTYPE mapper
        PUBLIC "-//mybatis.org//DTD Config 3.0//EN"
        "http://mybatis.org/dtd/mybatis-3-mapper.dtd">
<mapper namespace="cn.edu.hcnu.dao.UserMapper">
    <!--增加一个用户-->
    <insert id="addUser" parameterType="User">
      insert into student_track.user(username,password)
      values (#{username}, #{password})
   </insert>

    <!--根据id删除一个用户-->
    <delete id="deleteUserById" parameterType="int">
      delete from student_track.user where id=#{id}
   </delete>

    <!--修改用户-->
    <update id="updateUser" parameterType="User">
      update student_track.student_info
      set username = #{username},password = #{password}
      where id = #{id}
   </update>

    <!--根据账号和密码查找用户-->
    <select id="findByAccountAndPass" resultType="User">
      select * from student_track.user where username = #{username} and password = #{password}
   </select>

    <!--查询全部用户-->
    <select id="queryAllUser" resultType="User">
      SELECT * from student_track.User
   </select>

</mapper>