<?xml version="1.0" encoding="UTF-8" ?>
<!DOCTYPE configuration
        PUBLIC "-//mybatis.org//DTD Config 3.0//EN"
        "http://mybatis.org/dtd/mybatis-3-config.dtd">
<configuration>


<!--配置数据源，交给Spring去做-->
    <typeAliases>
        <package name="cn.edu.hcnu.pojo"/>
    </typeAliases>

    <plugins>
        <plugin interceptor="com.github.pagehelper.PageInterceptor">
            <!-- 设置数据库类型 Oracle,Mysql,MariaDB,SQLite,Hsqldb,PostgreSQL六种数据库-->
            <property name="helperDialect" value="mysql"/>
        </plugin>
    </plugins>

    <mappers>
        <mapper class="cn.edu.hcnu.dao.StudentMapper"/>
    </mappers>



</configuration>